site_id,species_id
ACUN,ADPE
ACUN,CHPE
ACUN,MCPE
ADAM,ADPE
ADAR,ADPE
AILS,CHPE
AITC,CHPE
AITC,GEPE
AITC,KIPE
AITK,CHPE
AKAR,ADPE
ALAS,ADPE
ALCO,CHPE
ALMI,GEPE
AMAN,EMPE
AMPH,ADPE
AMPH,CHPE
AMUN,EMPE
ANCH,ADPE
ANDE,CHPE
ANDI,ADPE
ANDR,ADPE
ANDS,ADPE
ANNE,ADPE
ANVS,CHPE
ANVS,GEPE
ARDL,ADPE
ARDL,CHPE
ARDL,GEPE
ARMS,ADPE
ARMS,CHPE
ARTH,ADPE
ASPL,CHPE
ASPL,MCPE
ASTD,EMPE
ASTE,CHPE
ASTS,CHPE
ASTW,CHPE
ATKA,EMPE
ATRI,CHPE
AUST,ADPE
AUST,EMPE
AVIA,ADPE
BACH,CHPE
BACK,ADPE
BAIL,CHPE
BAIL,MCPE
BALA,ADPE
BARC,ADPE
BARN,CHPE
BARN,GEPE
BART,CHPE
BART,GEPE
BATH,CHPE
BATT,ADPE
BBAY,EMPE
BEAG,ADPE
BEAN,ADPE
BEAN,EMPE
BEAR,EMPE
BEAU,ADPE
BEAV,CHPE
BECH,ADPE
BELL,CHPE
BELS,CHPE
BELS,MCPE
BENE,GEPE
BENN,CHPE
BENT,ADPE
BERK,ADPE
BERN,GEPE
BERT,ADPE
BIEN,ADPE
BILL,GEPE
BISC,ADPE
BISC,GEPE
BLAK,CHPE
BOLI,ADPE
BONE,CHPE
BONG,ADPE
BORE,ADPE
BORE,GEPE
BOWL,ADPE
BOWL,CHPE
BOWM,EMPE
BPTS,CHPE
BRAS,ADPE
BRAS,GEPE
BRAT,ADPE
BRDM,ADPE
BRDN,ADPE
BRDS,ADPE
BREA,GEPE
BRIM,CHPE
BRIT,CHPE
BRIT,GEPE
BRIT,MCPE
BROW,ADPE
BROW,GEPE
BRPW,CHPE
BRUC,CHPE
BRYA,EMPE
BRYE,GEPE
BRYS,GEPE
BSON,ADPE
BSON,EMPE
BUCH,CHPE
BURK,ADPE
BUSK,CHPE
BYEW,CHPE
CARL,CHPE
CARO,CHPE
CAST,CHPE
CASY,CHPE
CATH,CHPE
CBAR,ADPE
CBAY,ADPE
CBEK,EMPE
CBYW,EMPE
CCMP,CHPE
CCMP,MCPE
CCOE,CHPE
CCOE,GEPE
CDAV,ADPE
CECI,CHPE
CHAB,CHPE
CHAL,ADPE
CHAP,ADPE
CHAR,ADPE
CHAT,ADPE
CHEA,CHPE
CHEC,CHPE
CHI1,ADPE
CHI2,ADPE
CHI3,ADPE
CHIC,ADPE
CHII,ADPE
CHII,CHPE
CHIN,CHPE
CHIN,MCPE
CHIS,ADPE
CHNE,CHPE
CHPT,CHPE
CHPT,GEPE
CHRI,ADPE
CHRI,GEPE
CHSE,CHPE
CHUN,ADPE
CIER,GEPE
CIPT,CHPE
CLAR,ADPE
CLIN,CHPE
CLIN,MCPE
CLPT,CHPE
CMEL,CHPE
CMID,ADPE
CMUR,CHPE
CNOR,ADPE
COBA,CHPE
COCK,ADPE
COFF,CHPE
COLB,ADPE
CONE,ADPE
CONE,CHPE
CONF,CHPE
CONI,ADPE
CONW,CHPE
CORI,CHPE
CORM,ADPE
CORN,ADPE
COTT,ADPE
COUL,EMPE
CPTW,CHPE
CRAB,CHPE
CRAB,MCPE
CRAG,CHPE
CRIC,CHPE
CROB,CHPE
CROW,CHPE
CROZ,EMPE
CRUZ,ADPE
CRUZ,EMPE
CRWL,CHPE
CRZE,ADPE
CRZW,ADPE
CSOU,ADPE
CURZ,ADPE
CUVE,CHPE
CUVE,GEPE
CUVE,KIPE
CVIK,CHPE
DALR,ADPE
DALR,GEPE
DAMO,GEPE
DANC,GEPE
DARB,ADPE
DARL,EMPE
DARN,EMPE
DARW,ADPE
DAVE,CHPE
DAVI,ADPE
DAWS,EMPE
DBAY,EMPE
DECI,CHPE
DECS,CHPE
DEEI,CHPE
DELA,CHPE
DEMA,CHPE
DENI,ADPE
DEPT,CHPE
DEPT,GEPE
DESO,CHPE
DETA,ADPE
DEVI,ADPE
DIAZ,CHPE
DIBB,EMPE
DOBE,GEPE
DOLL,EMPE
DOME,ADPE
DOU1,ADPE
DOU2,ADPE
DOWN,ADPE
DREA,ADPE
DREA,CHPE
DRES,EMPE
DREW,CHPE
DUKE,ADPE
DUND,GEPE
DUPT,CHPE
DUPT,GEPE
DURO,ADPE
DURO,CHPE
DURO,GEPE
DURV,ADPE
DURV,GEPE
DUTH,ADPE
DUTH,GEPE
EADI,CHPE
EARL,ADPE
EARL,GEPE
ECAP,CHPE
ECKE,CHPE
EDEN,ADPE
EDWA,CHPE
EDWI,ADPE
EFAL,GEPE
EGAR,CHPE
EIP0,CHPE
EIP1,CHPE
EIP2,CHPE
EIP2,KIPE
EIP3,CHPE
EIP4,CHPE
EIP5,CHPE
EIP6,CHPE
ELLI,CHPE
ELPT,CHPE
ELPT,GEPE
EMEI,CHPE
EMER,CHPE
EMPE,ADPE
EMPE,CHPE
EMPE,EMPE
ENTR,CHPE
ENTR,MCPE
ENTW,CHPE
EPUR,CHPE
ESKI,CHPE
ETNA,ADPE
EVEN,ADPE
EVER,ADPE
FARE,CHPE
FARI,CHPE
FBER,ADPE
FERG,CHPE
FERR,ADPE
FERR,CHPE
FERR,GEPE
FILD,CHPE
FISH,ADPE
FITC,ADPE
FITC,CHPE
FIZK,ADPE
FLIE,ADPE
FLOR,CHPE
FOLD,EMPE
FORB,ADPE
FORT,CHPE
FORT,GEPE
FORT,MCPE
FRAE,ADPE
FRAM,ADPE
FRAN,EMPE
FRAW,ADPE
FRED,CHPE
FRNC,ADPE
FRPT,CHPE
FURS,CHPE
FURS,MCPE
FYRC,CHPE
GALE,ADPE
GALE,GEPE
GALS,GEPE
GAMP,CHPE
GARY,CHPE
GAST,CHPE
GATE,EMPE
GEDD,CHPE
GEOR,CHPE
GEOR,GEPE
GERD,ADPE
GERD,CHPE
GERL,ADPE
GERL,CHPE
GERL,GEPE
GIBA,CHPE
GIBB,CHPE
GIBB,MCPE
GING,ADPE
GIPP,EMPE
GLAN,GEPE
GNEY,ADPE
GOLF,CHPE
GOPT,ADPE
GOPT,CHPE
GOPT,MCPE
GOSL,ADPE
GOSL,CHPE
GOSL,GEPE
GOUL,EMPE
GOUR,ADPE
GOUR,CHPE
GOUR,GEPE
GOWC,CHPE
GRAP,ADPE
GRAP,CHPE
GRAP,MCPE
GREE,CHPE
GREE,GEPE
GREE,KIPE
GREE,MCPE
GREI,GEPE
GREY,CHPE
GRIB,CHPE
GRIB,GEPE
GRIN,CHPE
GUES,CHPE
GULL,ADPE
GULL,GEPE
GUNN,EMPE
HALF,CHPE
HALF,MCPE
HALY,EMPE
HANE,GEPE
HANN,ADPE
HANN,CHPE
HANN,GEPE
HANN,MCPE
HANS,ADPE
HARE,CHPE
HARM,CHPE
HARM,GEPE
HASW,ADPE
HASW,EMPE
HBAY,ADPE
HENN,CHPE
HENR,ADPE
HERO,ADPE
HERO,CHPE
HERO,GEPE
HEYW,CHPE
HINO,ADPE
HOLD,ADPE
HOLL,ADPE
HOOK,CHPE
HOPE,ADPE
HOPE,GEPE
HORS,CHPE
HOVG,GEPE
HPNE,CHPE
HPNE,MCPE
HPSW,CHPE
HPSW,MCPE
HUKU,ADPE
HUMB,ADPE
HUMB,CHPE
HUMN,GEPE
HUMP,GEPE
HUNT,CHPE
HURE,GEPE
HURW,GEPE
HUTB,CHPE
HUTB,GEPE
HUTB,KIPE
HYDR,CHPE
HYDS,CHPE
IFOI,ADPE
INAC,CHPE
INEX,ADPE
INTE,CHPE
IOLB,CHPE
IVAN,ADPE
JACO,ADPE
JACO,CHPE
JACO,GEPE
JACO,MCPE
JACP,CHPE
JADE,GEPE
JAME,CHPE
JANE,ADPE
JAQU,CHPE
JASN,EMPE
JESS,CHPE
JING,ADPE
JING,CHPE
JOHN,GEPE
JONA,GEPE
JONE,ADPE
JORG,CHPE
JOUB,ADPE
JOUB,CHPE
JOUB,GEPE
JOUG,GEPE
JPTI,CHPE
JPTS,CHPE
JPTV,CHPE
JULE,ADPE
KARE,EMPE
KATE,CHPE
KAYR,CHPE
KELL,CHPE
KETL,CHPE
KETL,GEPE
KIDS,ADPE
KILI,CHPE
KING,ADPE
KING,GEPE
KIRB,ADPE
KIRT,ADPE
KITC,CHPE
KJEL,CHPE
KLOA,EMPE
KNOB,ADPE
KNOB,GEPE
KUNO,ADPE
KUZI,ADPE
LAFA,CHPE
LAGO,ADPE
LAIR,CHPE
LAIR,GEPE
LAJA,CHPE
LAKT,ADPE
LARS,CHPE
LAUF,ADPE
LAUT,GEPE
LAVO,ADPE
LAZA,EMPE
LAZN,EMPE
LEGU,GEPE
LEPP,CHPE
LEWI,ADPE
LION,ADPE
LION,CHPE
LION,GEPE
LITC,ADPE
LITW,CHPE
LLAN,ADPE
LLAN,CHPE
LLAN,GEPE
LLAN,MCPE
LLOY,CHPE
LOBO,CHPE
LOCK,GEPE
LOLA,CHPE
LONG,ADPE
LOOK,CHPE
LOOK,GEPE
LOOK,MCPE
LOUB,GEPE
LOVI,ADPE
LOWT,ADPE
LSAY,ADPE
LUIT,EMPE
MABE,CHPE
MACK,ADPE
MACO,CHPE
MADD,ADPE
MADD,GEPE
MADI,ADPE
MADI,GEPE
MAHE,ADPE
MALL,ADPE
MAME,ADPE
MAND,ADPE
MANS,CHPE
MARI,CHPE
MARR,CHPE
MART,ADPE
MART,CHPE
MART,GEPE
MATH,CHPE
MATH,MCPE
MAWS,ADPE
MBIS,ADPE
MBNE,CHPE
MBNW,CHPE
MBNW,GEPE
MCDO,ADPE
MEDL,ADPE
MEDL,GEPE
MEGA,CHPE
MEHO,ADPE
MEIE,CHPE
MERR,ADPE
MERT,EMPE
METC,CHPE
METH,CHPE
MGLE,ADPE
MICH,CHPE
MICH,MCPE
MIDA,CHPE
MIDD,CHPE
MIDG,ADPE
MIER,CHPE
MIKK,GEPE
MILL,CHPE
MIZU,ADPE
MLGE,CHPE
MLGW,CHPE
MOEI,CHPE
MONA,GEPE
MONR,CHPE
MONU,CHPE
MOOT,GEPE
MOPT,CHPE
MORE,CHPE
MORR,CHPE
MOSS,CHPE
MOYE,CHPE
MOYE,MCPE
MPNC,CHPE
MPTE,CHPE
MPTE,MCPE
MPTW,CHPE
MRII,ADPE
MUCK,CHPE
MUCK,GEPE
MURR,CHPE
MYAL,ADPE
NANC,CHPE
NCAP,ADPE
NCOI,CHPE
NDUT,GEPE
NEBL,GEPE
NEDU,ADPE
NEDU,GEPE
NEIS,ADPE
NEKO,GEPE
NEKO,KIPE
NELL,ADPE
NEPT,CHPE
NEPT,MCPE
NESM,ADPE
NEWE,CHPE
NFAL,CHPE
NFOR,CHPE
NHAM,CHPE
NINN,EMPE
NMED,ADPE
NMED,GEPE
NOBL,GEPE
NOKK,ADPE
NOPT,ADPE
NOPT,CHPE
NOPT,GEPE
NOPT,MCPE
NORF,ADPE
NORW,CHPE
NOVI,EMPE
NPRO,CHPE
NTAY,CHPE
NUTT,ADPE
OBRI,CHPE
ODBE,ADPE
OKOL,CHPE
OLDH,ADPE
OLIC,CHPE
OLII,CHPE
OMGA,ADPE
ONEI,GEPE
ONGU,ADPE
ORCW,CHPE
ORNE,CHPE
ORNE,GEPE
ORRO,CHPE
OUTE,ADPE
OWEN,CHPE
PABE,GEPE
PAGE,ADPE
PAGE,CHPE
PALA,CHPE
PAND,CHPE
PANT,ADPE
PANT,CHPE
PANT,MCPE
PAPT,CHPE
PAPT,GEPE
PAPU,GEPE
PATE,ADPE
PATE,GEPE
PAUL,ADPE
PBAY,EMPE
PCHA,ADPE
PCHA,CHPE
PCHA,GEPE
PCOR,ADPE
PCOR,CHPE
PEIN,ADPE
PEIN,GEPE
PENG,ADPE
PENG,CHPE
PEPO,ADPE
PETE,ADPE
PETE,CHPE
PETE,GEPE
PFRO,EMPE
PGEO,ADPE
PGEO,EMPE
PHEA,ADPE
PHEA,GEPE
PHIL,ADPE
PIGE,ADPE
PIIS,ADPE
PILL,CHPE
PILL,MCPE
PING,CHPE
PING,MCPE
PIRI,CHPE
PISL,ADPE
PKUP,CHPE
PLAT,ADPE
PLAT,GEPE
PLDR,CHPE
PLDR,MCPE
PLEN,ADPE
PLEN,GEPE
PLEN,KIPE
PMAR,ADPE
POIN,EMPE
POPO,CHPE
PORT,CHPE
POSA,EMPE
POSS,ADPE
POWE,ADPE
POWE,CHPE
POWE,GEPE
PPPT,ADPE
PPPT,CHPE
PPPT,MCPE
PRAE,CHPE
PRES,CHPE
PRIM,GEPE
PRIN,GEPE
PROC,ADPE
PSON,EMPE
PTHO,ADPE
PTHO,CHPE
PTHO,GEPE
PTHO,MCPE
PURD,CHPE
PYPT,CHPE
PYPT,GEPE
PYRI,CHPE
QPTM,CHPE
QPTM,GEPE
QPTN,CHPE
QPTS,CHPE
QPTW,CHPE
RAGN,EMPE
RASM,GEPE
RAUE,ADPE
RAYN,CHPE
RBSN,ADPE
RENI,CHPE
RETU,CHPE
RHYO,ADPE
RIDL,CHPE
RIDL,MCPE
RIIS,EMPE
ROBE,CHPE
ROBE,GEPE
ROCA,CHPE
ROCK,ADPE
ROGE,EMPE
ROME,CHPE
RONE,GEPE
RONW,ADPE
ROOK,ADPE
ROQU,CHPE
ROSE,ADPE
ROTA,CHPE
ROTS,EMPE
ROWE,MCPE
ROYD,ADPE
RRRI,ADPE
RSAL,ADPE
RSAL,GEPE
RUDM,CHPE
RUGG,CHPE
RUMP,ADPE
RUPE,EMPE
RXLH,GEPE
RZEP,CHPE
SABC,EMPE
SABR,ADPE
SABR,CHPE
SADD,CHPE
SANA,EMPE
SANE,GEPE
SAPT,CHPE
SART,CHPE
SAXU,ADPE
SAXU,GEPE
SCRY,GEPE
SCUL,ADPE
SEAL,CHPE
SEAL,MCPE
SEFB,ADPE
SEGI,CHPE
SELV,CHPE
SELV,GEPE
SENT,ADPE
SEPR,ADPE
SERA,CHPE
SHAC,EMPE
SHAG,CHPE
SHCO,CHPE
SHEE,ADPE
SHEI,ADPE
SHEN,ADPE
SHEP,ADPE
SHIL,CHPE
SHIN,ADPE
SHIR,CHPE
SHIR,GEPE
SHIS,CHPE
SHLY,ADPE
SIGA,ADPE
SIMS,ADPE
SKET,GEPE
SKIL,CHPE
SKOT,GEPE
SMAL,CHPE
SMAT,CHPE
SMIG,ADPE
SMIG,CHPE
SMIT,CHPE
SMON,CHPE
SMTH,EMPE
SMYL,EMPE
SNOW,EMPE
SOMI,ADPE
SPBL,CHPE
SPER,CHPE
SPIG,CHPE
SPIN,CHPE
SPIP,CHPE
SPIP,GEPE
SPLI,CHPE
SPNW,CHPE
SPRI,CHPE
SPRO,ADPE
SPRO,CHPE
SPRO,MCPE
SPTR,CHPE
SPTR,GEPE
SPUI,CHPE
STAC,GEPE
STAN,ADPE
STCB,EMPE
STEE,CHPE
STEI,ADPE
STEN,ADPE
STEN,CHPE
STER,CHPE
STER,GEPE
STIC,CHPE
STIG,CHPE
STNK,CHPE
STNK,GEPE
STNK,KIPE
STNK,MCPE
STOK,CHPE
STRA,ADPE
STRA,CHPE
STRA,GEPE
STRA,MCPE
STUN,ADPE
STUR,ADPE
SVEN,ADPE
SVIS,ADPE
SWIS,ADPE
TART,CHPE
TAUN,CHPE
TAYG,EMPE
TAYH,ADPE
TAYL,CHPE
TELI,CHPE
TELI,GEPE
TENM,ADPE
TETR,CHPE
THOR,ADPE
THUN,CHPE
THUN,MCPE
THUR,EMPE
TIEA,CHPE
TINW,CHPE
TISW,CHPE
TIWE,CHPE
TORG,ADPE
TORG,CHPE
TORI,ADPE
TOWE,CHPE
TOWW,CHPE
TPTN,CHPE
TRIA,GEPE
TRID,CHPE
TROW,CHPE
TRUA,GEPE
TRUN,ADPE
TRUN,CHPE
TRYN,ADPE
TSIS,ADPE
TTOE,CHPE
TTOE,GEPE
TTUR,CHPE
TUPI,CHPE
TURR,ADPE
TURR,CHPE
TUXE,GEPE
TWGI,CHPE
TWIN,CHPE
TXRX,GEPE
UAIT,CHPE
UCHA,CHPE
UFSI,ADPE
UICW,CHPE
UIP1,ADPE
UIP2,ADPE
UIP3,ADPE
UIPN,ADPE
UMBE,EMPE
UNGE,ADPE
UNN7,ADPE
USEF,CHPE
USEF,GEPE
VAIS,CHPE
VALE,CHPE
VANH,EMPE
VAPO,CHPE
VERD,EMPE
VERL,EMPE
VERN,GEPE
VESN,ADPE
VESS,ADPE
VIET,CHPE
VIEU,ADPE
VORT,ADPE
VRNW,CHPE
WABL,CHPE
WAIT,ADPE
WALK,CHPE
WALK,MCPE
WALL,CHPE
WALL,GEPE
WASH,EMPE
WATE,CHPE
WATE,GEPE
WATT,ADPE
WAYA,ADPE
WDEC,CHPE
WEDD,ADPE
WEDD,GEPE
WEEK,CHPE
WELC,CHPE
WELL,ADPE
WHEA,ADPE
WHIT,CHPE
WHTY,ADPE
WIDE,ADPE
WIDE,CHPE
WILD,CHPE
WILD,GEPE
WILD,MCPE
WINK,ADPE
WINK,CHPE
WINW,CHPE
WISH,EMPE
WITH,CHPE
WOOD,ADPE
WOOI,CHPE
WOPT,ADPE
WORL,CHPE
WPEC,ADPE
WPEC,CHPE
WPEC,GEPE
WPWC,CHPE
WSAD,CHPE
WTAY,ADPE
WYAT,ADPE
YALO,ADPE
YANK,GEPE
YOUN,ADPE
YTRE,ADPE
YULE,EMPE
ZAWA,CHPE
ZEDI,CHPE
ZIGZ,CHPE
